,id,listing_url,last_scraped,source,name,host_id,host_url,host_name,host_since,host_location,host_response_time,host_response_rate,host_acceptance_rate,host_is_superhost,host_neighbourhood,host_listings_count,host_total_listings_count,host_verifications,host_has_profile_pic,host_identity_verified,neighbourhood,neighbourhood_cleansed,neighbourhood_group_cleansed,latitude,longitude,property_type,room_type,accommodates,bathrooms,bathrooms_text,bedrooms,beds,amenities,price,minimum_nights,maximum_nights,minimum_nights_avg_ntm,maximum_nights_avg_ntm,availability_30,availability_60,availability_90,availability_365,number_of_reviews,estimated_occupancy_l365d,estimated_revenue_l365d,review_scores_rating,review_scores_cleanliness,review_scores_location,review_scores_value,reviews_per_month
200,590200,https://www.airbnb.com/rooms/590200,2025-06-20,city scrape,Gästeappartement in Rudow (App.1),2877505,https://www.airbnb.com/users/show/2877505,Carola,2012-07-09,"Berlin, Germany",within a few hours,100%,88%,f,Rudow,2.0,2.0,"['email', 'phone']",t,t,"Berlin, Germany",Rudow,Neukölln,52.41335,13.47975,Entire rental unit,Entire home/apt,2,1.0,1 bath,1.0,2.0,"[""Iron"", ""Cleaning products"", ""Wifi"", ""Free street parking"", ""Paid washer \u2013 In building"", ""Garden view"", ""Hot water"", ""Central heating"", ""Cooking basics"", ""Lockbox"", ""Self check-in"", ""Shower gel"", ""First aid kit"", ""Mit Gefrierfach refrigerator"", ""Smoke alarm"", ""Bed linens"", ""TV with standard cable"", ""Window guards"", ""Body soap"", ""Shampoo"", ""Coffee maker: Nespresso, pour-over coffee"", ""2-Platten stainless steel electric stove"", ""Long term stays allowed"", ""Hangers"", ""Fire extinguisher"", ""Kitchen"", ""Microwave"", ""Hot water kettle"", ""Drying rack for clothing"", ""Essentials"", ""Private entrance"", ""Extra pillows and blankets"", ""Hair dryer"", ""Mini fridge"", ""Room-darkening shades"", ""Toaster"", ""Clothing storage: wardrobe"", ""Wine glasses"", ""Dishes and silverware""]",$65.00,5,30,5.0,30.0,15,21,36,305,68,113,7345.0,4.65,4.81,4.29,4.49,0.52
400,1479117,https://www.airbnb.com/rooms/1479117,2025-06-21,city scrape,Genuine Loft experience,7914726,https://www.airbnb.com/users/show/7914726,Jacob,2013-08-03,"Berlin, Germany",within an hour,100%,65%,f,Wedding,2.0,2.0,"['email', 'phone']",t,t,,Parkviertel,Mitte,52.54971,13.35013,Entire loft,Entire home/apt,4,1.5,1.5 baths,2.0,2.0,"[""Iron"", ""Cleaning products"", ""Wifi"", ""Hot water"", ""Washer"", ""Dryer"", ""Freezer"", ""Cooking basics"", ""Yamaha sound system with Bluetooth and aux"", ""Bathtub"", ""Carbon monoxide alarm"", ""Rice maker"", ""Bed linens"", ""Ethernet connection"", ""Electrolux stainless steel oven"", ""Long term stays allowed"", ""Bidet"", ""Fire extinguisher"", ""Coffee maker: espresso machine"", ""Essentials"", ""Electrolux refrigerator"", ""Pets allowed"", ""Coffee"", ""Extra pillows and blankets"", ""Hair dryer"", ""Dishwasher"", ""Heating"", ""Dining table"", ""Indoor fireplace"", ""Bikes"", ""Dedicated workspace"", ""Kitchen"", ""Wine glasses"", ""Dishes and silverware""]",$204.00,8,1125,8.0,1125.0,0,0,18,289,34,16,3264.0,4.76,4.3,4.42,4.64,0.27
600,2737070,https://www.airbnb.com/rooms/2737070,2025-06-21,previous scrape,Super Location/ Bergmannstrasse,14004487,https://www.airbnb.com/users/show/14004487,Gesa,2014-04-07,"Berlin, Germany",,,,f,Kreuzberg,1.0,1.0,"['email', 'phone']",t,t,"Berlin, Germany",Tempelhofer Vorstadt,Friedrichshain-Kreuzberg,52.4895,13.39567,Entire rental unit,Entire home/apt,6,,1 bath,2.0,,"[""Wifi"", ""Heating"", ""Washer"", ""TV with standard cable"", ""Essentials"", ""Kitchen""]",,92,365,92.0,365.0,0,0,0,0,5,0,,4.8,5.0,4.8,4.8,0.04
800,4088260,https://www.airbnb.com/rooms/4088260,2025-06-21,previous scrape,Nice cosy flat in Kastanienalle,21162438,https://www.airbnb.com/users/show/21162438,Laetitia,2014-09-10,"Berlin, Germany",,,,f,Prenzlauer Berg,1.0,1.0,"['email', 'phone']",t,t,,Prenzlauer Berg Südwest,Pankow,52.53726,13.40804,Entire rental unit,Entire home/apt,2,,1 bath,1.0,,"[""Wifi"", ""Heating"", ""Washer"", ""Essentials"", ""Kitchen"", ""Shampoo""]",,92,1125,92.0,1125.0,0,0,0,0,5,0,,4.6,4.6,5.0,4.6,0.04
1000,5349843,https://www.airbnb.com/rooms/5349843,2025-06-21,previous scrape,Huge Room in Trendy Neukoelln,17807206,https://www.airbnb.com/users/show/17807206,Fiona,2014-07-08,"Woluwe-Saint-Pierre, Belgium",,,,f,Neukölln,1.0,1.0,"['email', 'phone']",t,t,,Neuköllner Mitte/Zentrum,Neukölln,52.47005,13.43384,Private room in rental unit,Private room,2,,1 bath,,,"[""Heating"", ""Wifi"", ""Kitchen"", ""Washer""]",,92,1125,92.0,1125.0,0,0,0,0,0,0,,,,,,
1200,6652940,https://www.airbnb.com/rooms/6652940,2025-06-21,previous scrape,Sonnenallee  83 Neukölln,34821755,https://www.airbnb.com/users/show/34821755,Leif,2015-06-02,"Berlin, Germany",,,,f,Neukölln,1.0,3.0,"['email', 'phone']",t,t,,Reuterstraße,Neukölln,52.48266,13.43843,Entire rental unit,Entire home/apt,2,,1 bath,1.0,,"[""Smoking allowed"", ""Wifi"", ""Heating"", ""Washer"", ""Essentials"", ""Kitchen"", ""Shampoo""]",,92,1125,92.0,1125.0,0,0,0,0,0,0,,,,,,
1400,7649815,https://www.airbnb.com/rooms/7649815,2025-06-21,previous scrape,Double Room in Neukölln,40141747,https://www.airbnb.com/users/show/40141747,Jami,2015-07-31,"Innsbruck, Austria",,,,f,Neukölln,1.0,1.0,"['email', 'phone']",t,t,"Berlin, Germany",Schillerpromenade,Neukölln,52.46814,13.4301,Private room in rental unit,Private room,2,,1.5 shared baths,,,"[""Wifi"", ""Free street parking"", ""Hair dryer"", ""Host greets you"", ""Heating"", ""First aid kit"", ""Washer"", ""Hot water"", ""Lock on bedroom door"", ""TV with standard cable"", ""Essentials"", ""Kitchen""]",,92,1125,92.0,1125.0,0,0,0,0,5,0,,5.0,4.8,4.5,4.75,0.04
1600,8638365,https://www.airbnb.com/rooms/8638365,2025-06-21,city scrape,Maisonette Remise Xberg/Neukölln,2600032,https://www.airbnb.com/users/show/2600032,Luke,2012-06-10,"Sydney, Australia",within an hour,100%,100%,t,Kreuzberg,2.0,11.0,"['email', 'phone']",t,t,"Berlin, Germany",südliche Luisenstadt,Friedrichshain-Kreuzberg,52.4941,13.4383,Entire rental unit,Entire home/apt,5,1.0,1 bath,1.0,2.0,"[""Iron"", ""Cleaning products"", ""Free street parking"", ""Hot water"", ""Freezer"", ""Central heating"", ""Cooking basics"", ""Baking sheet"", ""Shower gel"", ""Carbon monoxide alarm"", ""Free washer \u2013 In building"", ""Smoke alarm"", ""Refrigerator"", ""Bed linens"", ""TV with standard cable"", ""Ethernet connection"", ""Body soap"", ""Shampoo"", ""DBprofy Bluetooth sound system"", ""Long term stays allowed"", ""Hangers"", ""Fire extinguisher"", ""Free dryer \u2013 In unit"", ""Microwave"", ""Hot water kettle"", ""Drying rack for clothing"", ""Essentials"", ""Private entrance"", ""Books and reading material"", ""Gorenja oven"", ""Pets allowed"", ""Coffee"", ""Fast wifi \u2013 86 Mbps"", ""Courtyard view"", ""Conditioner"", ""Extra pillows and blankets"", ""Luggage dropoff allowed"", ""Hair dryer"", ""Dishwasher"", ""Induction stove"", ""Host greets you"", ""Mini fridge"", ""Dining table"", ""Bikes"", ""Room-darkening shades"", ""Toaster"", ""Dedicated workspace"", ""Kitchen"", ""Wine glasses"", ""Coffee maker: Nespresso"", ""Dishes and silverware""]",$96.00,3,1125,3.0,1125.0,6,10,24,106,175,255,24480.0,4.77,4.62,4.79,4.55,1.48
1800,9830301,https://www.airbnb.com/rooms/9830301,2025-06-21,previous scrape,98m² 3 Bedrooms Apartment in Neukölln,3659182,https://www.airbnb.com/users/show/3659182,Inbal,2012-09-24,"Berlin, Germany",,,100%,f,,1.0,2.0,"['email', 'phone']",t,t,,Neuköllner Mitte/Zentrum,Neukölln,52.48198,13.42648,Entire rental unit,Entire home/apt,6,,2 baths,2.0,,"[""Wifi"", ""Oven"", ""TV"", ""Dryer"", ""Freezer"", ""Cooking basics"", ""Carbon monoxide alarm"", ""Smoke alarm"", ""Refrigerator"", ""Bed linens"", ""Trash compactor"", ""Clothing storage"", ""Microwave"", ""Hot water kettle"", ""Stove"", ""Heating"", ""Room-darkening shades"", ""Toaster"", ""Dishwasher"", ""Kitchen"", ""Wine glasses"", ""Dishes and silverware""]",,4,1125,6.0,1125.0,0,0,0,0,16,13,,4.69,4.44,4.44,4.44,0.14
2000,11031031,https://www.airbnb.com/rooms/11031031,2025-06-20,city scrape,BerlinCityHouse - Unique Tiny Garden Townhouse,33349791,https://www.airbnb.com/users/show/33349791,Julius,2015-05-14,"Berlin, Germany",within an hour,100%,97%,t,Prenzlauer Berg,4.0,4.0,"['email', 'phone']",t,t,"Berlin, Germany",Helmholtzplatz,Pankow,52.54005,13.42165,Tiny home,Entire home/apt,3,1.0,1 bath,1.0,1.0,"[""Iron"", ""Private patio or balcony"", ""Cleaning products"", ""Wifi"", ""Outdoor playground"", ""Garden view"", ""Babysitter recommendations"", ""Laundromat nearby"", ""Hot water"", ""Freezer"", ""Children\u2019s dinnerware"", ""Cooking basics"", ""Lockbox"", ""Outdoor furniture"", ""Pack \u2019n play/Travel crib - available upon request"", ""AEG stainless steel electric stove"", ""Baking sheet"", ""Paid street parking off premises"", ""Self check-in"", ""Shower gel"", ""Carbon monoxide alarm"", ""Private backyard \u2013 Fully fenced"", ""Smoke alarm"", ""Refrigerator"", ""Bed linens"", ""Body soap"", ""Shampoo"", ""Long term stays allowed"", ""Hangers"", ""Bose sound system with Bluetooth and aux"", ""Paid parking on premises"", ""Radiant heating"", ""Kitchen"", ""Crib - available upon request"", ""Stainless steel oven"", ""Portable fans"", ""Hot water kettle"", ""Cleaning available during stay"", ""Essentials"", ""32 inch HDTV with premium cable"", ""Private entrance"", ""Books and reading material"", ""Coffee"", ""Courtyard view"", ""Conditioner"", ""Extra pillows and blankets"", ""Hair dryer"", ""Dishwasher"", ""Dining table"", ""Room-darkening shades"", ""Standalone high chair - available upon request"", ""Toaster"", ""Dedicated workspace"", ""Outdoor dining area"", ""Clothing storage: wardrobe"", ""Wine glasses"", ""Coffee maker: Nespresso"", ""Dishes and silverware""]",$209.00,3,1125,2.9,1125.0,8,20,31,272,375,255,53295.0,4.9,4.97,4.93,4.74,3.7
2200,12000192,https://www.airbnb.com/rooms/12000192,2025-06-21,city scrape,Living in Kollwitzkiez in Prenzlauer Berg,64166708,https://www.airbnb.com/users/show/64166708,María Del Mar,2016-03-23,"Berlin, Germany",within an hour,100%,88%,t,Mitte,9.0,9.0,"['email', 'phone']",t,t,"Berlin, Germany",Prenzlauer Berg Südwest,Pankow,52.53562,13.41877,Entire condo,Entire home/apt,2,1.0,1 bath,1.0,2.0,"[""Iron"", ""Cleaning products"", ""Wifi"", ""Stainless steel electric stove"", ""Oven"", ""Hot water"", ""Freezer"", ""City skyline view"", ""Shared backyard"", ""Central heating"", ""Cooking basics"", ""Baking sheet"", ""Paid street parking off premises"", ""Bathtub"", ""Smoke alarm"", ""Refrigerator"", ""Bed linens"", ""Pack \u2019n play/Travel crib - always at the listing"", ""Single level home"", ""TV with standard cable"", ""Long term stays allowed"", ""Hangers"", ""Microwave"", ""Clothing storage: wardrobe and dresser"", ""Portable fans"", ""Hot water kettle"", ""Drying rack for clothing"", ""Books and reading material"", ""Coffee"", ""Park view"", ""Courtyard view"", ""Extra pillows and blankets"", ""Host greets you"", ""Hair dryer"", ""Mini fridge"", ""Dining table"", ""Room-darkening shades"", ""Toaster"", ""Free washer \u2013 In unit"", ""Dedicated workspace"", ""Kitchen"", ""Wine glasses"", ""Coffee maker: Nespresso"", ""Dishes and silverware""]",$57.00,92,364,92.0,364.0,24,35,35,264,17,0,0.0,4.76,4.76,4.88,4.88,0.16
2400,13648303,https://www.airbnb.com/rooms/13648303,2025-06-21,previous scrape,"10 min to Alexanderplatz, 5 min to Simon-Dach-Kiez",2271635,https://www.airbnb.com/users/show/2271635,Karl,2012-05-02,"Berlin, Germany",,,,f,Lichtenberg,1.0,1.0,['email'],t,t,,Alt-Lichtenberg,Lichtenberg,52.51323,13.49041,Private room in condo,Private room,2,,1 bath,,,"[""Wifi"", ""Washer"", ""Essentials"", ""Kitchen"", ""Shampoo""]",,92,1125,92.0,1125.0,0,0,0,0,2,0,,4.5,5.0,5.0,5.0,0.02
2600,15003633,https://www.airbnb.com/rooms/15003633,2025-06-21,city scrape,*** Exklusives Design-Loft im Zentrum Berlins ***,5472105,https://www.airbnb.com/users/show/5472105,Marcel,2013-03-15,"Berlin, Germany",within a day,70%,29%,f,Friedrichshain,13.0,14.0,"['email', 'phone', 'work_email']",t,t,,Frankfurter Allee Nord,Friedrichshain-Kreuzberg,52.51787,13.45892,Entire loft,Entire home/apt,2,1.0,1 bath,2.0,2.0,"[""Iron"", ""Wifi"", ""Free street parking"", ""Oven"", ""Washer"", ""Hot water"", ""Dryer"", ""Cooking basics"", ""Patio or balcony"", ""Elevator"", ""Carbon monoxide alarm"", ""Smoke alarm"", ""Refrigerator"", ""TV with standard cable"", ""Shampoo"", ""Long term stays allowed"", ""Hangers"", ""Microwave"", ""Essentials"", ""Stove"", ""Host greets you"", ""Hair dryer"", ""Coffee maker"", ""Heating"", ""Dishwasher"", ""Kitchen"", ""Dishes and silverware""]",$98.00,92,1125,92.0,1125.0,0,0,0,172,13,0,0.0,4.85,5.0,4.85,4.85,0.12
2800,16556063,https://www.airbnb.com/rooms/16556063,2025-06-21,previous scrape,Einraumwohnung für drei Wochen,109012928,https://www.airbnb.com/users/show/109012928,Dora,2016-12-29,,,,,f,Kreuzberg,1.0,2.0,['phone'],t,t,,Tempelhofer Vorstadt,Friedrichshain-Kreuzberg,52.4963,13.37996,Entire rental unit,Entire home/apt,2,,1 bath,,,"[""Iron"", ""Wifi"", ""Hair dryer"", ""Heating"", ""Washer"", ""Essentials"", ""Kitchen""]",,92,1125,92.0,1125.0,0,0,0,0,0,0,,,,,,
3000,18066481,https://www.airbnb.com/rooms/18066481,2025-06-21,city scrape,Private Room in Central City West / 6,119577758,https://www.airbnb.com/users/show/119577758,Frank,2017-03-07,"Berlin, Germany",,,,f,,17.0,29.0,"['email', 'phone']",t,t,"Berlin, Germany",Schloß Charlottenburg,Charlottenburg-Wilm.,52.51749,13.29475,Private room in rental unit,Private room,2,2.0,2 shared baths,1.0,1.0,"[""Iron"", ""Wifi"", ""Free street parking"", ""Keypad"", ""Oven"", ""Hot water"", ""Lock on bedroom door"", ""Cooking basics"", ""Self check-in"", ""Smoke alarm"", ""Refrigerator"", ""Shampoo"", ""Hangers"", ""Microwave"", ""Exterior security cameras on property"", ""Essentials"", ""Stove"", ""Luggage dropoff allowed"", ""Hair dryer"", ""Coffee maker"", ""Heating"", ""Kitchen"", ""Dishes and silverware""]",$61.00,1,14,1.0,14.0,19,49,77,345,489,255,15555.0,4.43,4.34,4.63,4.43,4.93
3200,19455026,https://www.airbnb.com/rooms/19455026,2025-06-21,city scrape,"Stilvolle moderne Altbauwohnung in Top-Lage,Balkon",48090800,https://www.airbnb.com/users/show/48090800,Stephan,2015-11-03,"Berlin, Germany",within an hour,100%,100%,t,Prenzlauer Berg,1.0,1.0,"['email', 'phone']",t,t,"Berlin, Germany",Helmholtzplatz,Pankow,52.54291,13.41965,Entire rental unit,Entire home/apt,4,1.0,1 bath,2.0,2.0,"[""Iron"", ""Private patio or balcony"", ""Cleaning products"", ""Wifi"", ""AEG stainless steel oven"", ""Hot water"", ""Smart lock"", ""Freezer"", ""Children\u2019s dinnerware"", ""Central heating"", ""Sun loungers"", ""Rituals body soap"", ""Cooking basics"", ""Clamp on table seat high chair - always at the listing"", ""AEG stainless steel electric stove"", ""Elevator"", ""Baking sheet"", ""Paid street parking off premises"", ""Bathtub"", ""Self check-in"", ""Shower gel"", ""First aid kit"", ""Smoke alarm"", ""Refrigerator"", ""Shared backyard \u2013 Fully fenced"", ""Bed linens"", ""Pack \u2019n play/Travel crib - always at the listing"", ""Single level home"", ""Long term stays allowed"", ""Hangers"", ""Bose Bluetooth sound system"", ""Coffee maker: french press, Nespresso"", ""Crib - always at the listing"", ""Clothing storage: wardrobe and dresser"", ""Portable fans"", ""Hot water kettle"", ""Drying rack for clothing"", ""Essentials"", ""Private entrance"", ""Books and reading material"", ""Coffee"", ""Extra pillows and blankets"", ""Hair dryer"", ""Dishwasher"", ""Dining table"", ""HDTV with Amazon Prime Video, premium cable, standard cable"", ""Rituals shampoo"", ""Room-darkening shades"", ""Toaster"", ""Free washer \u2013 In unit"", ""Dedicated workspace"", ""Blender"", ""Outdoor dining area"", ""Kitchen"", ""Wine glasses"", ""Dishes and silverware""]",$360.00,1,1125,1.0,1125.0,17,34,58,138,280,227,81720.0,4.94,4.93,4.96,4.76,2.93
3400,20376835,https://www.airbnb.com/rooms/20376835,2025-06-20,city scrape,Urbanes Appartement mitten in der Stadt!,38095225,https://www.airbnb.com/users/show/38095225,Finn,2015-07-10,"Berlin, Germany",,,,f,,1.0,2.0,"['email', 'phone']",t,t,,Frankfurter Allee Nord,Friedrichshain-Kreuzberg,52.51621,13.47238,Entire rental unit,Entire home/apt,3,1.0,1 bath,1.0,1.0,"[""Pets allowed"", ""Elevator"", ""Hangers"", ""Wifi"", ""Breakfast"", ""Heating"", ""Carbon monoxide alarm"", ""First aid kit"", ""Washer"", ""TV"", ""Dryer"", ""Smoke alarm"", ""Stove"", ""Essentials"", ""Kitchen"", ""Shampoo""]",$300.00,92,1125,92.0,1125.0,27,57,87,362,7,0,0.0,5.0,5.0,5.0,4.86,0.07
3600,21430122,https://www.airbnb.com/rooms/21430122,2025-06-21,previous scrape,"Großzügige, ruhige 3 Zi. am Park",41559086,https://www.airbnb.com/users/show/41559086,Ulli,2015-08-15,"Berlin, Germany",,,,f,Kreuzberg,1.0,1.0,"['email', 'phone']",t,t,"Berlin, Germany",Tempelhofer Vorstadt,Friedrichshain-Kreuzberg,52.48931,13.3756,Entire rental unit,Entire home/apt,2,,1 bath,1.0,,"[""Private patio or balcony"", ""Wifi"", ""Oven"", ""Hot water"", ""Central heating"", ""Cooking basics"", ""Lockbox"", ""Paid street parking off premises"", ""Self check-in"", ""Carbon monoxide alarm"", ""First aid kit"", ""Smoke alarm"", ""Refrigerator"", ""Bed linens"", ""Single level home"", ""TV with standard cable"", ""Shampoo"", ""Body soap"", ""Long term stays allowed"", ""Pocket wifi"", ""Hangers"", ""Smoking allowed"", ""Fire extinguisher"", ""Essentials"", ""Free washer"", ""Pets allowed"", ""Gas stove"", ""Extra pillows and blankets"", ""Hair dryer"", ""Coffee maker"", ""Kitchen"", ""Dishes and silverware""]",,92,92,130.0,130.0,29,59,89,179,43,0,,4.88,4.86,4.93,4.79,0.46
3800,22662952,https://www.airbnb.com/rooms/22662952,2025-06-20,city scrape,Apartment Motzstraße (1002) with separate bedroom,115768053,https://www.airbnb.com/users/show/115768053,Andrew,2017-02-10,"Berlin, Germany",within an hour,100%,93%,t,Schöneberg,3.0,3.0,"['email', 'phone', 'work_email']",t,t,"Berlin, Germany",Schöneberg-Nord,Tempelhof - Schöneberg,52.49875,13.3511,Entire rental unit,Entire home/apt,2,1.0,1 bath,1.0,2.0,"[""Iron"", ""Cleaning products"", ""Wifi"", ""Garden view"", ""Oven"", ""Hot water"", ""TV"", ""Freezer"", ""Central heating"", ""Cooking basics"", ""Electric stove"", ""Baking sheet"", ""First aid kit"", ""Smoke alarm"", ""Refrigerator"", ""Bed linens"", ""Single level home"", ""Body soap"", ""Long term stays allowed"", ""Hangers"", ""Fire extinguisher"", ""Clothing storage"", ""Microwave"", ""Hot water kettle"", ""Exterior security cameras on property"", ""Drying rack for clothing"", ""Essentials"", ""Courtyard view"", ""Extra pillows and blankets"", ""Host greets you"", ""Hair dryer"", ""Dining table"", ""Toaster"", ""Paid parking off premises"", ""Free washer \u2013 In unit"", ""Dishwasher"", ""Kitchen"", ""Wine glasses"", ""Coffee maker: Nespresso"", ""Dishes and silverware""]",$170.00,21,42,20.5,42.0,8,30,60,231,42,255,43350.0,4.9,4.88,4.93,4.81,0.49
4000,24196054,https://www.airbnb.com/rooms/24196054,2025-06-20,city scrape,Apartments im Hostel am Schäfersee _09,73158,https://www.airbnb.com/users/show/73158,Mina,2010-01-24,"Berlin, Germany",within an hour,100%,100%,t,Reinickendorf,14.0,14.0,"['email', 'phone']",t,t,"Berlin, Germany",Ost 2,Reinickendorf,52.56135,13.36443,Entire rental unit,Entire home/apt,5,1.0,1 bath,2.0,3.0,"[""Iron"", ""Wifi"", ""Free street parking"", ""Hot water"", ""TV"", ""Lockbox"", ""Self check-in"", ""Smoke alarm"", ""Refrigerator"", ""Bed linens"", ""Hangers"", ""Fire extinguisher"", ""Exterior security cameras on property"", ""Essentials"", ""Private entrance"", ""Hair dryer"", ""Heating"", ""Kitchen"", ""Dishes and silverware""]",$59.00,2,100,2.0,1125.0,4,11,15,81,203,255,15045.0,4.73,4.73,4.45,4.68,2.33
4200,26176334,https://www.airbnb.com/rooms/26176334,2025-06-20,city scrape,"Cosy, well situated and clean apartment",19482579,https://www.airbnb.com/users/show/19482579,Libor,2014-08-05,"Berlin, Germany",within an hour,100%,100%,t,Plänterwald,1.0,1.0,"['email', 'phone', 'work_email']",t,t,"Berlin, Germany",Plänterwald,Treptow - Köpenick,52.48595,13.46477,Entire rental unit,Entire home/apt,2,1.0,1 bath,1.0,1.0,"[""Private patio or balcony"", ""Cleaning products"", ""Free street parking"", ""Oven"", ""Children\u2019s books and toys"", ""Hot water"", ""Freezer"", ""Cooking basics"", ""Free parking on premises"", ""Baking sheet"", ""Bathtub"", ""Shower gel"", ""First aid kit"", ""Smoke alarm"", ""Refrigerator"", ""Bed linens"", ""High chair"", ""Single level home"", ""Body soap"", ""Shampoo"", ""Hangers"", ""Kitchen"", ""Barbecue utensils"", ""Backyard"", ""Hot water kettle"", ""Drying rack for clothing"", ""Essentials"", ""Stove"", ""Coffee"", ""Conditioner"", ""Hair dryer"", ""Coffee maker"", ""Heating"", ""BBQ grill"", ""Dining table"", ""Fast wifi \u2013 53 Mbps"", ""Free washer \u2013 In unit"", ""Dedicated workspace"", ""Blender"", ""Clothing storage: wardrobe"", ""Wine glasses"", ""Dishes and silverware""]",$70.00,13,1125,13.6,1125.0,8,8,28,148,75,255,17850.0,4.99,4.88,4.87,4.91,0.88
4400,27716591,https://www.airbnb.com/rooms/27716591,2025-06-21,previous scrape,"Herz von Schloss Straße, Altbauwohnung",151571548,https://www.airbnb.com/users/show/151571548,Michael,2017-09-21,"Berlin, Germany",,,,f,Steglitz,1.0,9.0,"['email', 'phone']",t,t,"Berlin, Germany",Albrechtstr.,Steglitz - Zehlendorf,52.46148,13.32706,Entire rental unit,Entire home/apt,4,,1 bath,3.0,,"[""Iron"", ""Cleaning products"", ""Wifi"", ""Oven"", ""Laundromat nearby"", ""Hot water"", ""Children\u2019s books and toys for ages 5-10 years old"", ""Freezer"", ""50 inch HDTV"", ""Children\u2019s dinnerware"", ""Cooking basics"", ""Baking sheet"", ""Paid street parking off premises"", ""Bathtub"", ""Shower gel"", ""First aid kit"", ""Smoke alarm"", ""Refrigerator"", ""Bed linens"", ""Body soap"", ""Shampoo"", ""Mosquito net"", ""Hangers"", ""Fire extinguisher"", ""Coffee maker: espresso machine"", ""Hot water kettle"", ""Cleaning available during stay"", ""Drying rack for clothing"", ""Free washer"", ""Essentials"", ""Books and reading material"", ""Private entrance"", ""Board games"", ""Coffee"", ""Conditioner"", ""Extra pillows and blankets"", ""Piano"", ""Hair dryer"", ""Dishwasher"", ""Heating"", ""Dining table"", ""Room-darkening shades"", ""Clothing storage: dresser"", ""Dedicated workspace"", ""Blender"", ""Kitchen"", ""Wine glasses"", ""Dishes and silverware""]",,92,1125,92.0,1125.0,0,0,0,0,2,0,,5.0,5.0,5.0,4.0,0.02
4600,29121104,https://www.airbnb.com/rooms/29121104,2025-06-21,city scrape,"Pure Motion Studio, 47 qm",210700814,https://www.airbnb.com/users/show/210700814,Downtown Apartments Berlin,2018-08-20,"Berlin, Germany",within an hour,100%,99%,t,Mitte,50.0,50.0,"['email', 'phone']",t,t,"Berlin, Germany",Brunnenstr. Süd,Mitte,52.53148,13.38848,Entire serviced apartment,Entire home/apt,2,1.0,1 bath,0.0,1.0,"[""Iron"", ""Washer \u2013\u00a0In building"", ""Wifi"", ""Oven"", ""Hot water"", ""TV"", ""Smart lock"", ""Cooking basics"", ""Patio or balcony"", ""Elevator"", ""Baking sheet"", ""Self check-in"", ""Shower gel"", ""First aid kit"", ""Smoke alarm"", ""Dryer \u2013 In building"", ""Refrigerator"", ""Bed linens"", ""High chair"", ""Single level home"", ""Crib"", ""Shampoo"", ""Long term stays allowed"", ""Hangers"", ""Paid parking on premises"", ""Fire extinguisher"", ""Exterior security cameras on property"", ""Essentials"", ""Stove"", ""Pets allowed"", ""Baby bath"", ""Extra pillows and blankets"", ""Luggage dropoff allowed"", ""Hair dryer"", ""Coffee maker"", ""Heating"", ""Room-darkening shades"", ""Paid parking off premises"", ""Dishwasher"", ""Kitchen"", ""Dishes and silverware""]",$350.00,2,6,2.0,3.0,20,50,71,324,3,0,0.0,5.0,5.0,4.67,5.0,0.04
4800,30851490,https://www.airbnb.com/rooms/30851490,2025-06-20,city scrape,The View Studio Lux,16079116,https://www.airbnb.com/users/show/16079116,Chris,2014-05-28,"Oxford, United Kingdom",within a few hours,81%,43%,f,Buckow,10.0,13.0,"['email', 'phone']",t,t,"Berlin, Germany",Buckow,Neukölln,52.42144,13.42353,Entire rental unit,Entire home/apt,2,1.0,1 bath,1.0,1.0,"[""Iron"", ""Wifi"", ""Free street parking"", ""Washer"", ""Hot water"", ""Dryer"", ""Smart lock"", ""Cooking basics"", ""Free parking on premises"", ""Self check-in"", ""TV with standard cable"", ""Crib"", ""Long term stays allowed"", ""Hangers"", ""Essentials"", ""Pets allowed"", ""Luggage dropoff allowed"", ""Heating"", ""Kitchen"", ""Dishes and silverware""]",$70.00,1,365,1.0,365.0,29,59,89,364,32,38,2660.0,4.22,4.19,4.44,3.97,0.43
5000,32549080,https://www.airbnb.com/rooms/32549080,2025-06-21,previous scrape,Beautiful apartment in Prenzlauerberg,58435806,https://www.airbnb.com/users/show/58435806,Shimrit,2016-02-12,"Berlin, Germany",,,,f,Prenzlauer Berg,1.0,1.0,"['email', 'phone']",t,t,"Berlin, Germany",Prenzlauer Berg Ost,Pankow,52.53921,13.43858,Entire rental unit,Entire home/apt,4,,1 bath,3.0,,"[""Iron"", ""Wifi"", ""Oven"", ""Washer"", ""Hot water"", ""Dryer"", ""Cooking basics"", ""Patio or balcony"", ""Bathtub"", ""Smoke alarm"", ""Refrigerator"", ""Bed linens"", ""Single level home"", ""Shampoo"", ""Hangers"", ""Cleaning available during stay"", ""Essentials"", ""Private entrance"", ""Stove"", ""Extra pillows and blankets"", ""Host greets you"", ""Hair dryer"", ""Heating"", ""Dishwasher"", ""Kitchen"", ""Dishes and silverware""]",,2,21,2.0,21.0,0,0,0,0,8,0,,4.88,4.88,4.75,4.88,0.11
5200,34282855,https://www.airbnb.com/rooms/34282855,2025-06-21,previous scrape,Master-bedroom in artistic flat next to Mauerpark!,169284713,https://www.airbnb.com/users/show/169284713,Till Lorenz,2018-01-22,"Berlin, Germany",,,,f,Prenzlauer Berg,1.0,2.0,"['email', 'phone']",t,t,"Berlin, Germany",Prenzlauer Berg Nordwest,Pankow,52.54641,13.40412,Private room in rental unit,Private room,2,,1 shared bath,,,"[""Smoking allowed"", ""Hangers"", ""Wifi"", ""Hair dryer"", ""Coffee maker"", ""Heating"", ""Oven"", ""Washer"", ""Hot water"", ""Refrigerator"", ""Backyard"", ""Essentials"", ""Kitchen"", ""Cooking basics"", ""Dishes and silverware""]",,92,1125,92.0,1125.0,0,0,0,0,13,0,,4.77,4.62,4.85,4.92,0.18
5400,35986989,https://www.airbnb.com/rooms/35986989,2025-06-20,city scrape,Dream house 230 sqm with pool and huge sun terrace,25818415,https://www.airbnb.com/users/show/25818415,Patrick,2015-01-08,"Berlin, Germany",within an hour,100%,100%,f,Baumschulenweg,2.0,2.0,"['email', 'phone']",t,t,"Berlin, Germany",Baumschulenweg,Treptow - Köpenick,52.4474,13.48196,Entire home,Entire home/apt,10,2.5,2.5 baths,5.0,7.0,"[""Iron"", ""Cleaning products"", ""Wifi"", ""Free street parking"", ""Garden view"", ""Oven"", ""Children\u2019s books and toys"", ""Hot water"", ""Washer"", ""Freezer"", ""Sun loungers"", ""55 inch HDTV with standard cable, Amazon Prime Video, Netflix"", ""Cooking basics"", ""Lockbox"", ""Outdoor furniture"", ""Patio or balcony"", ""Free parking on premises"", ""Free dryer \u2013 In building"", ""Baking sheet"", ""Self check-in"", ""Bathtub"", ""Pack \u2019n play/Travel crib"", ""Carbon monoxide alarm"", ""First aid kit"", ""Private sauna"", ""Smoke alarm"", ""Clothing storage: closet"", ""Refrigerator"", ""Bed linens"", ""High chair"", ""Crib"", ""Window guards"", ""Hammock"", ""Long term stays allowed"", ""Hangers"", ""Fire pit"", ""Safe"", ""Fire extinguisher"", ""Microwave"", ""Barbecue utensils"", ""Portable fans"", ""Hot water kettle"", ""Backyard"", ""Exterior security cameras on property"", ""Private pool - available seasonally"", ""Bluetooth sound system"", ""Drying rack for clothing"", ""Essentials"", ""Private entrance"", ""Books and reading material"", ""Stove"", ""Board games"", ""Pets allowed"", ""Extra pillows and blankets"", ""Luggage dropoff allowed"", ""Piano"", ""Hair dryer"", ""Coffee maker"", ""Heating"", ""BBQ grill"", ""Dining table"", ""Bikes"", ""Room-darkening shades"", ""Toaster"", ""Changing table"", ""Dishwasher"", ""Blender"", ""Kitchen"", ""Wine glasses"", ""Dishes and silverware""]",$385.00,3,93,3.0,1125.0,16,22,31,292,165,255,98175.0,4.68,4.62,4.59,4.46,2.27
5600,37630683,https://www.airbnb.com/rooms/37630683,2025-06-21,previous scrape,Dreamy big room in beautiful flat,189137873,https://www.airbnb.com/users/show/189137873,Leticia,2018-05-12,"Berlin, Germany",,,,f,Britz,2.0,4.0,['phone'],t,t,"Berlin, Germany",Britz,Neukölln,52.45799,13.42709,Private room in rental unit,Private room,2,,1 shared bath,,,"[""Iron"", ""Wifi"", ""Free street parking"", ""Oven"", ""Washer"", ""Hot water"", ""Lock on bedroom door"", ""Cooking basics"", ""Bathtub"", ""Smoke alarm"", ""Refrigerator"", ""Bed linens"", ""Shampoo"", ""Long term stays allowed"", ""Hangers"", ""Microwave"", ""Essentials"", ""Stove"", ""Extra pillows and blankets"", ""Luggage dropoff allowed"", ""Hair dryer"", ""Heating"", ""Dishwasher"", ""Kitchen"", ""Dishes and silverware""]",,92,1125,92.0,1125.0,0,0,0,0,0,0,,,,,,
5800,39428608,https://www.airbnb.com/rooms/39428608,2025-06-21,city scrape,SOUL HOME - 85m2  in most central Prenzlauer Berg,3641396,https://www.airbnb.com/users/show/3641396,Nadine Maria,2012-09-22,"Berlin, Germany",within an hour,100%,100%,,Prenzlauer Berg,4.0,4.0,"['email', 'phone']",t,t,"Berlin, Germany",Helmholtzplatz,Pankow,52.5415,13.41686,Entire rental unit,Entire home/apt,2,1.0,1 bath,2.0,2.0,"[""Iron"", ""Private patio or balcony"", ""Oven"", ""Laundromat nearby"", ""Hot water"", ""Freezer"", ""City skyline view"", ""Cooking basics"", ""Wifi \u2013 37 Mbps"", ""Natur shampoo"", ""Baking sheet"", ""Shower gel"", ""First aid kit"", ""Free washer \u2013 In building"", ""Smoke alarm"", ""Refrigerator"", ""Bed linens"", ""Long term stays allowed"", ""Hangers"", ""Sonos sound system"", ""Clothing storage"", ""Crib - available upon request"", ""Hot water kettle"", ""Essentials"", ""Private entrance"", ""Coffee"", ""Conditioner"", ""Luggage dropoff allowed"", ""Hair dryer"", ""Dishwasher"", ""Heating"", ""Induction stove"", ""Coffee maker"", ""Dining table"", ""Room-darkening shades"", ""Toaster"", ""Dedicated workspace"", ""Blender"", ""Kitchen"", ""Wine glasses"", ""Dishes and silverware""]",$177.00,1,62,1.2,1125.0,11,23,26,26,71,189,33453.0,4.96,4.79,4.97,4.76,1.07
6000,40674820,https://www.airbnb.com/rooms/40674820,2025-06-21,previous scrape,Gemütliche Wohnung / cosy apartment,315566004,https://www.airbnb.com/users/show/315566004,Alexander,2019-12-08,,,,,f,Weißensee,1.0,1.0,"['email', 'phone']",t,f,,Weißensee Ost,Pankow,52.55736,13.46803,Entire rental unit,Entire home/apt,2,,1 bath,1.0,,"[""Wifi"", ""Hair dryer"", ""Heating"", ""First aid kit"", ""TV"", ""Washer"", ""Essentials"", ""Kitchen""]",,92,1125,92.0,1125.0,0,0,0,0,0,0,,,,,,
6200,42186902,https://www.airbnb.com/rooms/42186902,2025-06-21,previous scrape,Cosy 2-room apartment in the heart of Neukölln,273540150,https://www.airbnb.com/users/show/273540150,Ivana,2019-07-04,"Berlin, Germany",,,,f,,1.0,1.0,['phone'],t,t,"Berlin, Germany",Rixdorf,Neukölln,52.48117,13.44702,Entire rental unit,Entire home/apt,4,,1 bath,1.0,,"[""Smoking allowed"", ""Hangers"", ""Free street parking"", ""Hair dryer"", ""Washer"", ""Hot water"", ""Smoke alarm"", ""Essentials"", ""Kitchen"", ""Private entrance""]",,92,1125,92.0,1125.0,0,0,0,0,2,0,,4.5,4.5,5.0,5.0,0.03
6400,43268746,https://www.airbnb.com/rooms/43268746,2025-06-21,city scrape,Flair of Berlin in Schöneberg,72554641,https://www.airbnb.com/users/show/72554641,Nina,2016-05-17,"Berlin, Germany",within an hour,100%,99%,t,Kreuzberg,5.0,14.0,"['email', 'phone']",t,t,"Berlin, Germany",Schöneberg-Süd,Tempelhof - Schöneberg,52.48411,13.36066,Entire rental unit,Entire home/apt,6,2.0,2 baths,2.0,5.0,"[""Iron"", ""Cleaning products"", ""Oven"", ""Children\u2019s books and toys"", ""Hot water"", ""Smart lock"", ""Wifi \u2013 39 Mbps"", ""Freezer"", ""Children\u2019s dinnerware"", ""Cooking basics"", ""Whirlpool stainless steel induction stove"", ""Baking sheet"", ""Self check-in"", ""Pack \u2019n play/Travel crib"", ""Shower gel"", ""First aid kit"", ""Smoke alarm"", ""Refrigerator"", ""Shared backyard \u2013 Fully fenced"", ""Bed linens"", ""High chair"", ""Crib"", ""Shampoo"", ""Body soap"", ""Long term stays allowed"", ""Hangers"", ""Fire extinguisher"", ""Kitchen"", ""Free dryer \u2013 In unit"", ""Microwave"", ""Portable fans"", ""Hot water kettle"", ""Essentials"", ""Private entrance"", ""Books and reading material"", ""Board games"", ""Coffee"", ""Courtyard view"", ""Hair dryer"", ""Dishwasher"", ""70 inch HDTV with standard cable"", ""Heating"", ""Coffee maker"", ""Dining table"", ""Room-darkening shades"", ""Toaster"", ""Free washer \u2013 In unit"", ""Dedicated workspace"", ""Clothing storage: wardrobe"", ""Wine glasses"", ""Dishes and silverware""]",$231.00,2,1125,2.3,1125.0,12,26,43,315,40,164,37884.0,4.75,4.65,4.85,4.63,0.65
6600,44512221,https://www.airbnb.com/rooms/44512221,2025-06-21,previous scrape,Minimalismus direkt im Kiez,10870523,https://www.airbnb.com/users/show/10870523,Madlen,2013-12-28,"Berlin, Germany",,,,f,,1.0,2.0,"['email', 'phone']",t,f,"Berlin, Germany",Prenzlauer Berg Nord,Pankow,52.54586,13.42745,Entire rental unit,Entire home/apt,4,,1 bath,2.0,,"[""Iron"", ""Pets allowed"", ""Patio or balcony"", ""Hangers"", ""Wifi"", ""Hair dryer"", ""Baking sheet"", ""Heating"", ""Washer"", ""Hot water"", ""Dryer"", ""Refrigerator"", ""Bed linens"", ""Essentials"", ""Kitchen"", ""Cooking basics"", ""Stove"", ""Dishes and silverware""]",,92,1125,92.0,1125.0,0,0,0,0,5,0,,4.6,4.8,4.8,4.6,0.08
6800,46746763,https://www.airbnb.com/rooms/46746763,2025-06-21,city scrape,NEU- Schönes Loft im Hinterhof direkt in Kreuzberg,245717635,https://www.airbnb.com/users/show/245717635,Kevin,2019-02-27,"Berlin, Germany",within an hour,100%,100%,t,Kreuzberg,8.0,8.0,"['email', 'phone']",t,t,,südliche Luisenstadt,Friedrichshain-Kreuzberg,52.49864,13.42605,Entire loft,Entire home/apt,4,1.5,1.5 baths,1.0,2.0,"[""Iron"", ""Wifi"", ""Hot water"", ""TV"", ""Cooking basics"", ""Lockbox"", ""Self check-in"", ""Pack \u2019n play/Travel crib"", ""Shower gel"", ""Refrigerator"", ""Bed linens"", ""Single level home"", ""Shampoo"", ""Hangers"", ""Essentials"", ""Private entrance"", ""Stove"", ""Coffee maker: french press"", ""Hair dryer"", ""Heating"", ""Dishwasher"", ""Kitchen"", ""Dishes and silverware""]",$103.00,1,90,1.1,89.2,4,24,41,300,253,255,26265.0,4.79,4.85,4.84,4.55,4.71
7000,50043419,https://www.airbnb.com/rooms/50043419,2025-06-21,previous scrape,Sunshine Apt am Müggelsee,395885294,https://www.airbnb.com/users/show/395885294,Dieter,2021-04-07,,within an hour,100%,100%,t,,2.0,2.0,"['email', 'phone']",t,t,"Berlin, Germany",Friedrichshagen,Treptow - Köpenick,52.4468280858881,13.629672266542912,Entire condo,Entire home/apt,2,,1 bath,1.0,,"[""Iron"", ""Private patio or balcony"", ""Cleaning products"", ""Wifi"", ""Free street parking"", ""Oven"", ""Hot water"", ""Washer"", ""TV"", ""Freezer"", ""Indoor fireplace: ethanol"", ""Cooking basics"", ""Outdoor furniture"", ""Elevator"", ""Baking sheet"", ""Bathtub"", ""Shower gel"", ""First aid kit"", ""Smoke alarm"", ""Refrigerator"", ""Bed linens"", ""Body soap"", ""Shampoo"", ""Private backyard \u2013 Not fully fenced"", ""Shared beach access"", ""Bidet"", ""Long term stays allowed"", ""Hangers"", ""Kitchen"", ""Microwave"", ""Portable fans"", ""Hot water kettle"", ""Cleaning available during stay"", ""Drying rack for clothing"", ""Essentials"", ""Books and reading material"", ""Stove"", ""Coffee"", ""Conditioner"", ""Extra pillows and blankets"", ""Luggage dropoff allowed"", ""Hair dryer"", ""Dishwasher"", ""Heating"", ""Coffee maker"", ""Host greets you"", ""Dining table"", ""Bikes"", ""Room-darkening shades"", ""Toaster"", ""Private BBQ grill: charcoal"", ""Dedicated workspace"", ""Blender"", ""Outdoor dining area"", ""Clothing storage: wardrobe"", ""Wine glasses"", ""Dishes and silverware""]",,3,60,3.0,1125.0,0,0,0,2,25,88,,5.0,5.0,4.92,4.68,0.94
7200,51538946,https://www.airbnb.com/rooms/51538946,2025-06-21,previous scrape,Cozy apartement in the center of Neukölln,28132526,https://www.airbnb.com/users/show/28132526,Emre,2015-02-21,"Berlin, Germany",,,,f,,1.0,1.0,"['email', 'phone']",t,t,,Neuköllner Mitte/Zentrum,Neukölln,52.47761,13.43816,Private room in rental unit,Private room,1,,1 private bath,,,"[""Smoke alarm""]",,92,365,92.0,365.0,30,60,90,270,3,0,,4.67,4.67,4.67,4.67,0.06
7400,53119821,https://www.airbnb.com/rooms/53119821,2025-06-21,previous scrape,private room for cat friendly people,8775345,https://www.airbnb.com/users/show/8775345,Sabine,2013-09-11,"Berlin, Germany",within a day,100%,73%,t,,1.0,2.0,"['email', 'phone']",t,t,"Berlin, Germany",Frankfurter Allee Nord,Friedrichshain-Kreuzberg,52.51914893225885,13.458165599255294,Private room in rental unit,Private room,2,,1 shared bath,,,"[""Cleaning products"", ""Wifi"", ""Free street parking"", ""Oven"", ""Hot water"", ""Washer"", ""Freezer"", ""City skyline view"", ""Children\u2019s dinnerware"", ""Standalone high chair - always at the listing"", ""Cooking basics"", ""Breakfast"", ""Baking sheet"", ""Bathtub"", ""Shower gel"", ""Carbon monoxide alarm"", ""Rice maker"", ""Smoke alarm"", ""Refrigerator"", ""Bed linens"", ""Crib"", ""Window guards"", ""Body soap"", ""Shampoo"", ""Long term stays allowed"", ""Mosquito net"", ""Hangers"", ""Children\u2019s books and toys for ages 0-2 years old"", ""Clothing storage"", ""Hot water kettle"", ""Private living room"", ""Drying rack for clothing"", ""Essentials"", ""Books and reading material"", ""Stove"", ""Board games"", ""Coffee"", ""Conditioner"", ""Extra pillows and blankets"", ""Luggage dropoff allowed"", ""Hair dryer"", ""Outlet covers"", ""Heating"", ""Dishwasher"", ""Dining table"", ""Room-darkening shades"", ""Toaster"", ""Dedicated workspace"", ""Blender"", ""Kitchen"", ""Wine glasses"", ""Dishes and silverware""]",,2,60,2.8,60.0,0,0,0,0,26,151,,4.88,4.77,4.96,4.96,0.97
7600,540335929043609328,https://www.airbnb.com/rooms/540335929043609328,2025-06-20,city scrape,Karo- Eine ruhige Oase in Kreuzberg,25049986,https://www.airbnb.com/users/show/25049986,Anca,2014-12-21,"Berlin, Germany",within an hour,99%,100%,t,Kreuzberg,14.0,15.0,['phone'],t,t,"Berlin, Germany",Tempelhofer Vorstadt,Friedrichshain-Kreuzberg,52.49369430541992,13.39686679840088,Entire rental unit,Entire home/apt,2,1.0,1 bath,1.0,1.0,"[""Iron"", ""33 inch TV with Fire TV"", ""Cleaning products"", ""Wifi"", ""Outdoor playground"", ""Free street parking"", ""Laundromat nearby"", ""Hot water"", ""Freezer"", ""Central heating"", ""Standard shampoo"", ""Cooking basics"", ""Lockbox"", ""Self check-in"", ""Shower gel"", ""First aid kit"", ""Smoke alarm"", ""Refrigerator"", ""Bed linens"", ""Single level home"", ""Long term stays allowed"", ""Hangers"", ""Fire extinguisher"", ""Other induction stove"", ""Crib - available upon request"", ""Portable fans"", ""Hot water kettle"", ""Essentials"", ""Drying rack for clothing"", ""Private entrance"", ""Pets allowed"", ""Coffee"", ""Luggage dropoff allowed"", ""Hair dryer"", ""Paid pack \u2019n play/travel crib - available upon request"", ""Dining table"", ""Room-darkening shades"", ""Standard body soap"", ""Clothing storage: dresser"", ""Free washer \u2013 In unit"", ""Dedicated workspace"", ""Kitchen"", ""Wine glasses"", ""Coffee maker: Nespresso"", ""Dishes and silverware""]",$88.00,1,30,1.0,1125.0,23,53,83,358,249,255,22440.0,4.87,4.83,4.91,4.75,6.07
7800,592791038670395249,https://www.airbnb.com/rooms/592791038670395249,2025-06-21,previous scrape,Sun Trap by the park,132744251,https://www.airbnb.com/users/show/132744251,Winnie,2017-05-31,"Berlin, Germany",,,,f,,1.0,1.0,"['email', 'phone']",t,t,,Rixdorf,Neukölln,52.47883,13.45026,Private room in rental unit,Private room,1,,1 shared bath,,,"[""Pets allowed"", ""Park view"", ""Cleaning products"", ""Wifi"", ""Bathtub"", ""Hair dryer"", ""Kitchen"", ""Lock on bedroom door"", ""Smoke alarm"", ""Refrigerator"", ""Central heating"", ""Dedicated workspace"", ""Essentials"", ""Free washer"", ""Cooking basics"", ""Dishes and silverware""]",,4,365,4.0,365.0,0,0,0,0,4,0,,5.0,5.0,5.0,4.5,0.1
8000,642320854539602604,https://www.airbnb.com/rooms/642320854539602604,2025-06-21,city scrape,Luxury High End Apartment! Berlins finest,462618728,https://www.airbnb.com/users/show/462618728,Bora,2022-06-05,,,,,f,,1.0,1.0,"['email', 'phone']",f,t,,Regierungsviertel,Mitte,52.51128,13.37993,Entire rental unit,Entire home/apt,8,2.0,2 baths,3.0,4.0,"[""Iron"", ""Private patio or balcony"", ""Portable air conditioning"", ""Cleaning products"", ""Wifi"", ""Oven"", ""Washer"", ""Hot water"", ""TV"", ""Freezer"", ""EV charger"", ""Central heating"", ""Cooking basics"", ""Electric stove"", ""Free dryer \u2013 In building"", ""Elevator"", ""Baking sheet"", ""Bathtub"", ""Carbon monoxide alarm"", ""Smoke alarm"", ""Refrigerator"", ""Single level home"", ""Long term stays allowed"", ""Hangers"", ""Paid parking on premises"", ""Microwave"", ""Clothing storage: wardrobe and dresser"", ""Portable fans"", ""Hot water kettle"", ""Drying rack for clothing"", ""Essentials"", ""Private entrance"", ""Coffee maker: french press"", ""Host greets you"", ""Mini fridge"", ""Dining table"", ""Exercise equipment"", ""Toaster"", ""Dishwasher"", ""Outdoor dining area"", ""Kitchen"", ""Central air conditioning"", ""Dishes and silverware""]",$499.00,92,365,92.0,365.0,23,53,83,358,0,0,0.0,,,,,
8200,680979160651967474,https://www.airbnb.com/rooms/680979160651967474,2025-06-21,city scrape,Lovely Apartment in Friedrichshain with Balcony,667738,https://www.airbnb.com/users/show/667738,Massimiliano,2011-06-05,"Berlin, Germany",,,,f,,1.0,1.0,"['email', 'phone']",t,t,,Frankfurter Allee Nord,Friedrichshain-Kreuzberg,52.52493,13.4517,Entire rental unit,Entire home/apt,3,1.0,1 bath,1.0,1.0,"[""Private patio or balcony"", ""Cleaning products"", ""Sony, Canton Bluetooth sound system"", ""Wifi"", ""Free street parking"", ""Hot water"", ""Washer"", ""Freezer"", ""Central heating"", ""Schott Cereal stainless steel induction stove"", ""Record player"", ""Cooking basics"", ""Baking sheet"", ""Amica refrigerator"", ""Shower gel"", ""First aid kit"", ""Clothing storage: closet and dresser"", ""Smoke alarm"", ""Bed linens"", ""Ethernet connection"", ""Amica stainless steel oven"", ""Aesop, Le Labo body soap"", ""Long term stays allowed"", ""Smoking allowed"", ""Hangers"", ""Paid parking on premises"", ""Aesop, Le Labo shampoo"", ""Coffee maker: espresso machine"", ""Barbecue utensils"", ""Portable fans"", ""Hot water kettle"", ""Drying rack for clothing"", ""Essentials"", ""Coffee"", ""Extra pillows and blankets"", ""Piano"", ""Hair dryer"", ""Dining table"", ""Room-darkening shades"", ""Air conditioning"", ""Dedicated workspace"", ""Blender"", ""Kitchen"", ""Wine glasses"", ""Dishes and silverware""]",$95.00,92,365,92.0,365.0,27,57,87,362,0,0,0.0,,,,,
8400,711309021228721163,https://www.airbnb.com/rooms/711309021228721163,2025-06-21,previous scrape,Studio Apartment near Ku'damm with balcony,478219454,https://www.airbnb.com/users/show/478219454,Alejandro,2022-09-05,"Berlin, Germany",within a few hours,100%,100%,f,,5.0,5.0,['phone'],t,t,"Berlin, Germany",Kurfürstendamm,Charlottenburg-Wilm.,52.5001715,13.3151285,Entire serviced apartment,Entire home/apt,2,,1 bath,,,"[""Iron"", ""Private patio or balcony"", ""Stainless steel electric stove"", ""Wifi"", ""Keypad"", ""Paid washer \u2013 In building"", ""Laundromat nearby"", ""Hot water"", ""Freezer"", ""Central heating"", ""Cooking basics"", ""HDTV with standard cable"", ""Elevator"", ""Self check-in"", ""Shower gel"", ""First aid kit"", ""Smoke alarm"", ""Refrigerator"", ""Bed linens"", ""Single level home"", ""Shampoo"", ""Body soap"", ""Long term stays allowed"", ""Hangers"", ""Safe"", ""Fire extinguisher"", ""Kitchen"", ""Microwave"", ""Hot water kettle"", ""Bluetooth sound system"", ""Essentials"", ""Paid dryer \u2013 In building"", ""Private entrance"", ""Coffee"", ""Luggage dropoff allowed"", ""Hair dryer"", ""Dishwasher"", ""Mini fridge"", ""Dining table"", ""Room-darkening shades"", ""Toaster"", ""Paid parking off premises"", ""Dedicated workspace"", ""Clothing storage: wardrobe"", ""Coffee maker: Nespresso"", ""Dishes and silverware""]",,28,180,28.0,180.0,1,14,35,35,0,0,,,,,,
8600,749046461126752954,https://www.airbnb.com/rooms/749046461126752954,2025-06-21,previous scrape,1 Zimmer Apt. Berlin Steglitz nahe FU Berlin,25938248,https://www.airbnb.com/users/show/25938248,Barbara,2015-01-11,"Nauheim, Germany",within a day,75%,75%,t,,2.0,8.0,"['email', 'phone']",t,t,"Berlin, Germany",Drakestr.,Steglitz - Zehlendorf,52.43864,13.30456,Entire rental unit,Entire home/apt,1,,1 bath,1.0,,"[""Iron"", ""Private patio or balcony"", ""Cleaning products"", ""Wifi"", ""Free street parking"", ""Oven"", ""Hot water"", ""Freezer"", ""Central heating"", ""Cooking basics"", ""Electric stove"", ""Baking sheet"", ""Shower gel"", ""First aid kit"", ""Free washer \u2013 In building"", ""Smoke alarm"", ""Refrigerator"", ""Bed linens"", ""Shampoo"", ""Diverse Marken body soap"", ""Long term stays allowed"", ""Hangers"", ""Clothing storage: wardrobe and dresser"", ""Hot water kettle"", ""Drying rack for clothing"", ""Essentials"", ""Extra pillows and blankets"", ""Host greets you"", ""Hair dryer"", ""Coffee maker"", ""32 inch TV with Amazon Prime Video"", ""Dining table"", ""Room-darkening shades"", ""Toaster"", ""Dishwasher"", ""Blender"", ""Kitchen"", ""Wine glasses"", ""Dishes and silverware""]",,92,100,92.0,100.0,1,1,19,47,4,184,,5.0,5.0,5.0,4.75,0.15
8800,786813694676801717,https://www.airbnb.com/rooms/786813694676801717,2025-06-21,city scrape,Cozy apartment in Mitte,8601943,https://www.airbnb.com/users/show/8601943,Laura,2013-09-03,"Berlin, Germany",a few days or more,44%,43%,f,,1.0,2.0,"['email', 'phone', 'work_email']",t,t,,Alexanderplatz,Mitte,52.50509775182669,13.411527182396531,Entire rental unit,Entire home/apt,2,1.0,1 bath,1.0,1.0,"[""Free parking on premises"", ""Hangers"", ""Wifi"", ""Heating"", ""Oven"", ""TV"", ""Washer"", ""Smoke alarm"", ""Refrigerator"", ""Bed linens"", ""Dishwasher"", ""Essentials"", ""Kitchen"", ""Cooking basics"", ""Stove""]",$119.00,1,365,1.4,365.0,1,8,13,13,15,76,9044.0,5.0,4.8,4.93,4.87,0.5
9000,824571235549300067,https://www.airbnb.com/rooms/824571235549300067,2025-06-21,city scrape,Dein Zuhause in Stadtlage,479320993,https://www.airbnb.com/users/show/479320993,Paul,2022-09-13,,within a day,71%,100%,t,,2.0,2.0,"['email', 'phone']",t,t,,Prenzlauer Berg Südwest,Pankow,52.53338131544398,13.414651081314274,Entire rental unit,Entire home/apt,2,1.0,1 bath,1.0,1.0,"[""Wifi"", ""Self check-in"", ""Hair dryer"", ""Smoke alarm"", ""Dedicated workspace"", ""Lockbox""]",$139.00,92,365,92.0,365.0,30,60,90,180,1,0,0.0,2.0,4.0,5.0,3.0,0.06
9200,857822937668328227,https://www.airbnb.com/rooms/857822937668328227,2025-06-21,previous scrape,"Blueground | Neukölln, elevator, nr Spree",434485440,https://www.airbnb.com/users/show/434485440,Blueground,2021-12-03,"Berlin, Germany",within a few hours,85%,97%,f,,328.0,333.0,"['email', 'phone']",t,t,"Berlin, Germany",Rixdorf,Neukölln,52.47928839999999,13.446744,Entire rental unit,Entire home/apt,2,,1 bath,,,"[""Iron"", ""Wifi"", ""Oven"", ""Hot water"", ""TV"", ""Cooking basics"", ""Lockbox"", ""Patio or balcony"", ""Elevator"", ""Self check-in"", ""Washer \u2013\u00a0In unit"", ""Refrigerator"", ""Bed linens"", ""High chair"", ""Crib"", ""Dryer \u2013\u00a0In unit"", ""Shampoo"", ""Long term stays allowed"", ""Hangers"", ""Microwave"", ""Essentials"", ""Private entrance"", ""Pets allowed"", ""Hair dryer"", ""Heating"", ""Dedicated workspace"", ""Kitchen""]",,90,1125,92.0,1125.0,0,0,0,0,0,0,,,,,,
9400,889203458027587797,https://www.airbnb.com/rooms/889203458027587797,2025-06-20,city scrape,Room with lots of sunlight and a balcony,29385449,https://www.airbnb.com/users/show/29385449,Luis,2015-03-15,"Berlin, Germany",within a few hours,100%,51%,t,,3.0,3.0,"['email', 'phone', 'work_email']",t,t,"Berlin, Germany",Brunnenstr. Nord,Mitte,52.543825661409805,13.37360563968772,Private room in rental unit,Private room,2,1.0,1 shared bath,1.0,1.0,"[""Iron"", ""Private patio or balcony"", ""Cleaning products"", ""Oven"", ""Hot water"", ""Lock on bedroom door"", ""Freezer"", ""City skyline view"", ""Central heating"", ""Cooking basics"", ""Electric stove"", ""Outdoor furniture"", ""Baking sheet"", ""Bathtub"", ""Bread maker"", ""Carbon monoxide alarm"", ""First aid kit"", ""Smoke alarm"", ""Refrigerator"", ""Shared backyard \u2013 Fully fenced"", ""River view"", ""Bed linens"", ""Fast wifi \u2013 312 Mbps"", ""Body soap"", ""Shampoo"", ""Long term stays allowed"", ""Hangers"", ""Kitchen"", ""Free dryer \u2013 In unit"", ""Waterfront"", ""Barbecue utensils"", ""Hot water kettle"", ""Cleaning available during stay"", ""Drying rack for clothing"", ""Essentials"", ""Books and reading material"", ""Coffee"", ""Park view"", ""Extra pillows and blankets"", ""Climbing wall"", ""Luggage dropoff allowed"", ""Hair dryer"", ""Host greets you"", ""Dining table"", ""Room-darkening shades"", ""Toaster"", ""Free washer \u2013 In unit"", ""Dishwasher"", ""Blender"", ""Outdoor dining area"", ""Clothing storage: wardrobe"", ""Wine glasses"", ""Dishes and silverware""]",$63.00,2,1125,2.3,1125.0,8,8,8,90,33,126,7938.0,4.88,4.73,4.85,4.73,1.56
9600,922356778236953652,https://www.airbnb.com/rooms/922356778236953652,2025-06-21,previous scrape,Functional 4-bedroom-apartment in Berlin,271235180,https://www.airbnb.com/users/show/271235180,Stina,2019-06-25,"Berlin, Germany",,,0%,f,Prenzlauer Berg,42.0,44.0,"['email', 'phone', 'work_email']",t,f,"Berlin, Germany",Prenzlauer Berg Nord,Pankow,52.55320121107443,13.419028335680595,Entire rental unit,Entire home/apt,6,,1 bath,4.0,,"[""Pets allowed"", ""Wifi"", ""Carbon monoxide alarm"", ""TV"", ""Smoke alarm"", ""Washer"", ""Dedicated workspace"", ""Kitchen""]",,92,365,92.0,365.0,0,0,0,0,0,0,,,,,,
9800,946900924714661804,https://www.airbnb.com/rooms/946900924714661804,2025-06-20,city scrape,Spacious & quiet apartment for 2 in Berlin-Wedding,199755330,https://www.airbnb.com/users/show/199755330,Fernando & Alisson,2018-07-03,"Berlin, Germany",,,77%,t,,1.0,2.0,"['email', 'phone']",t,t,,Parkviertel,Mitte,52.55059,13.34813,Entire rental unit,Entire home/apt,2,1.0,1 bath,0.0,1.0,"[""Iron"", ""Cleaning products"", ""Wifi"", ""Oven"", ""Laundromat nearby"", ""Hot water"", ""Cooking basics"", ""Bathtub"", ""Shower gel"", ""Smoke alarm"", ""Refrigerator"", ""Bed linens"", ""Shampoo"", ""Body soap"", ""Long term stays allowed"", ""Drying rack for clothing"", ""Essentials"", ""Stove"", ""Host greets you"", ""Hair dryer"", ""Coffee maker"", ""Heating"", ""Room-darkening shades"", ""Clothing storage: wardrobe"", ""Paid parking off premises"", ""Free washer \u2013 In unit"", ""Dedicated workspace"", ""Kitchen"", ""Dishes and silverware""]",$100.00,3,365,3.0,365.0,2,3,3,3,19,113,11300.0,4.89,4.95,4.79,4.79,0.89
10000,967981292355137016,https://www.airbnb.com/rooms/967981292355137016,2025-06-21,previous scrape,"Blueground | Charlottenburg, fully furnished",434485440,https://www.airbnb.com/users/show/434485440,Blueground,2021-12-03,"Berlin, Germany",within a few hours,85%,97%,f,,328.0,333.0,"['email', 'phone']",t,t,"Berlin, Germany",Otto-Suhr-Allee,Charlottenburg-Wilm.,52.5181488,13.3176522,Entire rental unit,Entire home/apt,2,,1 bath,1.0,,"[""Iron"", ""Wifi"", ""Oven"", ""Hot water"", ""TV"", ""Cooking basics"", ""Lockbox"", ""Patio or balcony"", ""Elevator"", ""Self check-in"", ""Bathtub"", ""Washer \u2013\u00a0In unit"", ""Refrigerator"", ""Bed linens"", ""High chair"", ""Crib"", ""Dryer \u2013\u00a0In unit"", ""Shampoo"", ""Long term stays allowed"", ""Hangers"", ""Microwave"", ""Essentials"", ""Private entrance"", ""Pets allowed"", ""Hair dryer"", ""Dishwasher"", ""Heating"", ""Dedicated workspace"", ""Kitchen""]",,90,1125,92.0,1125.0,0,0,0,0,0,0,,,,,,
10200,995527471639419758,https://www.airbnb.com/rooms/995527471639419758,2025-06-21,city scrape,"Blueground | Mitte, nr Hauptbahnhof",434485440,https://www.airbnb.com/users/show/434485440,Blueground,2021-12-03,"Berlin, Germany",within a few hours,85%,97%,f,,328.0,333.0,"['email', 'phone']",t,t,"Berlin, Germany",Brunnenstr. Süd,Mitte,52.5302259,13.3840856,Entire rental unit,Entire home/apt,2,1.0,1 bath,0.0,1.0,"[""Iron"", ""Wifi"", ""Oven"", ""Hot water"", ""TV"", ""Cooking basics"", ""Lockbox"", ""Elevator"", ""Self check-in"", ""Bathtub"", ""Smoke alarm"", ""Washer \u2013\u00a0In unit"", ""Refrigerator"", ""Bed linens"", ""High chair"", ""Crib"", ""Dryer \u2013\u00a0In unit"", ""Shampoo"", ""Long term stays allowed"", ""Hangers"", ""Microwave"", ""Essentials"", ""Private entrance"", ""Hair dryer"", ""Heating"", ""Dedicated workspace"", ""Kitchen""]",$120.00,90,1125,92.0,1125.0,4,4,4,4,1,0,0.0,5.0,5.0,5.0,5.0,0.06
10400,1025263460868613348,https://www.airbnb.com/rooms/1025263460868613348,2025-06-21,city scrape,Spacious corner room with pool access,546619390,https://www.airbnb.com/users/show/546619390,SANA Berlin Hotel,2023-11-15,,within an hour,100%,97%,t,,4.0,4.0,"['email', 'phone']",t,t,,Düsseldorfer Straße,Charlottenburg-Wilm.,52.49901,13.33418,Room in hotel,Private room,2,1.0,1 private bath,1.0,,"[""Iron"", ""Wifi"", ""Sauna"", ""Hot water"", ""TV"", ""Gym"", ""Elevator"", ""Self check-in"", ""Shower gel"", ""Smoke alarm"", ""Bed linens"", ""Crib"", ""Shampoo"", ""Building staff"", ""Paid parking on premises"", ""Essentials"", ""Conditioner"", ""Luggage dropoff allowed"", ""Hair dryer"", ""Heating"", ""Pool"", ""Room-darkening shades"", ""Air conditioning"", ""Dedicated workspace""]",,1,365,1.2,471.0,28,58,82,135,0,0,,,,,,
10600,1048156534964279176,https://www.airbnb.com/rooms/1048156534964279176,2025-06-21,previous scrape,double room in central berlin,548466981,https://www.airbnb.com/users/show/548466981,Youssef,2023-11-27,"Berlin, Germany",,,,f,,2.0,3.0,['phone'],t,t,,Alexanderplatz,Mitte,52.5250918,13.4063472,Private room in rental unit,Private room,2,,1 bath,,,"[""Iron"", ""Cleaning products"", ""Wifi"", ""Bathtub"", ""Carbon monoxide alarm"", ""Washer"", ""Hot water"", ""TV"", ""Smoke alarm"", ""Bed linens"", ""Central heating"", ""Dedicated workspace"", ""Essentials"", ""Kitchen"", ""Cooking basics"", ""Shampoo"", ""Dishes and silverware""]",,1,365,1.0,365.0,0,0,0,0,0,0,,,,,,
10800,1076979429260492815,https://www.airbnb.com/rooms/1076979429260492815,2025-06-20,city scrape,Charmantes Zimmer in mitte,283901300,https://www.airbnb.com/users/show/283901300,Claude,2019-08-08,"Grasleben, Germany",within a few hours,100%,63%,f,,2.0,2.0,['phone'],t,t,,Osloer Straße,Mitte,52.56228,13.38371,Private room in rental unit,Private room,1,1.0,1 private bath,1.0,1.0,"[""Iron"", ""Wifi"", ""Paid parking on premises"", ""Hair dryer"", ""Host greets you"", ""Carbon monoxide alarm"", ""Fire extinguisher"", ""First aid kit"", ""Smoke alarm"", ""Lock on bedroom door"", ""Dedicated workspace"", ""Kitchen""]",$24.00,92,365,92.0,365.0,29,59,79,177,1,184,4416.0,5.0,4.0,5.0,4.0,0.08
11000,1096379226791724824,https://www.airbnb.com/rooms/1096379226791724824,2025-06-21,city scrape,Museum Island Berlin Mitte I 405,546288100,https://www.airbnb.com/users/show/546288100,Douglas,2023-11-13,,within an hour,100%,100%,f,,44.0,44.0,"['email', 'phone']",t,t,"Berlin, Germany",Alexanderplatz,Mitte,52.52454364824412,13.400423019339252,Entire rental unit,Entire home/apt,5,1.0,1 bath,1.0,4.0,"[""Iron"", ""Private patio or balcony"", ""Cleaning products"", ""Wifi"", ""Oven"", ""Hot water"", ""Washer"", ""TV"", ""Freezer"", ""Smart lock"", ""Cooking basics"", ""Elevator"", ""Baking sheet"", ""Self check-in"", ""Pack \u2019n play/Travel crib"", ""Shower gel"", ""First aid kit"", ""Smoke alarm"", ""Refrigerator"", ""Bed linens"", ""High chair"", ""Single level home"", ""Crib"", ""Body soap"", ""Shampoo"", ""Long term stays allowed"", ""Hangers"", ""Paid parking on premises"", ""Fire extinguisher"", ""Clothing storage"", ""Microwave"", ""Hot water kettle"", ""Cleaning available during stay"", ""Essentials"", ""Books and reading material"", ""Stove"", ""Pets allowed"", ""Coffee"", ""Conditioner"", ""Extra pillows and blankets"", ""Luggage dropoff allowed"", ""Hair dryer"", ""Dishwasher"", ""Heating"", ""Dining table"", ""Room-darkening shades"", ""Toaster"", ""Paid parking off premises"", ""Dedicated workspace"", ""Kitchen"", ""Wine glasses"", ""Coffee maker: Nespresso"", ""Dishes and silverware""]",$245.00,2,365,2.0,1125.0,4,21,47,148,38,255,62475.0,4.89,4.71,5.0,4.84,2.42
11200,1117139898014211425,https://www.airbnb.com/rooms/1117139898014211425,2025-06-20,city scrape,Bright and Spacious Apartment in Charlottenburg,568183036,https://www.airbnb.com/users/show/568183036,Angela,2024-03-21,,within a few hours,100%,80%,f,,1.0,1.0,"['email', 'phone']",t,t,,Otto-Suhr-Allee,Charlottenburg-Wilm.,52.5185,13.30275,Entire rental unit,Entire home/apt,4,1.0,1 bath,2.0,3.0,"[""Bidet"", ""Cleaning products"", ""Hangers"", ""Extra pillows and blankets"", ""Wifi"", ""Fire pit"", ""Shower gel"", ""Clothing storage"", ""Hot water"", ""Washer"", ""Smoke alarm"", ""Bed linens"", ""Shampoo"", ""Dedicated workspace"", ""Kitchen"", ""Body soap""]",$126.00,7,30,7.0,30.0,0,10,22,23,3,42,5292.0,4.67,4.67,5.0,4.33,0.25
11400,1137776878165025862,https://www.airbnb.com/rooms/1137776878165025862,2025-06-21,city scrape,Hypercentral flat Alexanderplatz,569811829,https://www.airbnb.com/users/show/569811829,Sarah,2024-03-31,,within an hour,100%,100%,t,,1.0,1.0,['phone'],f,t,,Alexanderplatz,Mitte,52.52453,13.41682,Entire rental unit,Entire home/apt,4,1.0,1 bath,1.0,1.0,"[""Wifi"", ""Oven"", ""Washer"", ""Hot water"", ""Lockbox"", ""Self check-in"", ""Bathtub"", ""Carbon monoxide alarm"", ""Smoke alarm"", ""Bed linens"", ""Hangers"", ""Paid parking on premises"", ""Portable fans"", ""Hair dryer"", ""Heating"", ""Mini fridge"", ""Dining table"", ""Kitchen"", ""Dishes and silverware""]",$180.00,3,35,4.0,35.0,3,26,55,64,39,255,45900.0,4.87,4.77,4.95,4.74,2.89
11600,1162186988440732066,https://www.airbnb.com/rooms/1162186988440732066,2025-06-21,city scrape,"Blueground | Mitte, fully furnished & equipped",434485440,https://www.airbnb.com/users/show/434485440,Blueground,2021-12-03,"Berlin, Germany",within a few hours,85%,97%,f,,328.0,333.0,"['email', 'phone']",t,t,,Brunnenstr. Nord,Mitte,52.54034,13.37208,Entire rental unit,Entire home/apt,2,1.0,1 bath,1.0,1.0,"[""Iron"", ""Wifi"", ""Oven"", ""Hot water"", ""TV"", ""Cooking basics"", ""Lockbox"", ""Self check-in"", ""Smoke alarm"", ""Washer \u2013\u00a0In unit"", ""Refrigerator"", ""Bed linens"", ""High chair"", ""Crib"", ""Shampoo"", ""Long term stays allowed"", ""Hangers"", ""Microwave"", ""Essentials"", ""Private entrance"", ""Pets allowed"", ""Hair dryer"", ""Heating"", ""Dishwasher"", ""Kitchen""]",$164.00,92,1125,97.3,1125.0,0,0,0,259,0,0,0.0,,,,,
11800,1185353563869607940,https://www.airbnb.com/rooms/1185353563869607940,2025-06-20,city scrape,Gemütliches Zimmer im Stadtzentrum,585180555,https://www.airbnb.com/users/show/585180555,Robert,2024-06-23,"Berlin, Germany",within a few hours,100%,78%,t,,1.0,1.0,"['email', 'phone']",t,t,"Berlin, Germany",Tiergarten Süd,Mitte,52.50272,13.36268,Private room in rental unit,Private room,1,1.0,1 shared bath,1.0,1.0,"[""Iron"", ""Wifi"", ""Oven"", ""Laundromat nearby"", ""Hot water"", ""Lock on bedroom door"", ""Freezer"", ""Cooking basics"", ""Lockbox"", ""Baking sheet"", ""Self check-in"", ""Shower gel"", ""First aid kit"", ""Smoke alarm"", ""Refrigerator"", ""Bed linens"", ""Shampoo"", ""Body soap"", ""Hangers"", ""Portable fans"", ""Hot water kettle"", ""Cleaning available during stay"", ""Exterior security cameras on property"", ""Drying rack for clothing"", ""Essentials"", ""Stove"", ""Coffee"", ""Extra pillows and blankets"", ""Hair dryer"", ""Dishwasher"", ""Heating"", ""Coffee maker"", ""Room-darkening shades"", ""Clothing storage: dresser"", ""Dedicated workspace"", ""Blender"", ""Kitchen"", ""Wine glasses"", ""Dishes and silverware""]",$65.00,3,30,3.0,30.0,10,32,49,127,22,255,16575.0,4.95,5.0,4.91,4.91,1.95
12000,1207262331437820261,https://www.airbnb.com/rooms/1207262331437820261,2025-06-20,city scrape,Lovely Penthouse in Kreuzberg,591670577,https://www.airbnb.com/users/show/591670577,Judith Ellinor Maria,2024-07-23,,within a day,75%,39%,f,,1.0,1.0,"['email', 'phone']",f,t,,Alexanderplatz,Mitte,52.5059596,13.4207633,Entire rental unit,Entire home/apt,6,1.0,1 bath,2.0,3.0,"[""Pets allowed"", ""Sound system"", ""Park view"", ""Courtyard view"", ""Wifi"", ""Host greets you"", ""Heating"", ""Garden view"", ""Washer"", ""TV"", ""Smoke alarm"", ""Waterfront"", ""City skyline view"", ""Air conditioning"", ""Kitchen"", ""Books and reading material""]",$126.00,3,365,3.0,365.0,16,20,28,292,9,113,14238.0,4.56,5.0,4.89,4.44,0.89
12200,1223282612628355203,https://www.airbnb.com/rooms/1223282612628355203,2025-06-20,city scrape,Großzügiger Altbau am Ostkreuz,45744176,https://www.airbnb.com/users/show/45744176,Dörte,2015-10-04,"Berlin, Germany",within an hour,100%,98%,t,,1.0,1.0,"['email', 'phone']",t,t,,Frankfurter Allee Süd FK,Friedrichshain-Kreuzberg,52.50737549999999,13.4710931,Entire rental unit,Entire home/apt,4,1.0,1 bath,1.0,2.0,"[""Iron"", ""Cleaning products"", ""Wifi"", ""Oven"", ""Washer"", ""Hot water"", ""Freezer"", ""Children\u2019s dinnerware"", ""Cooking basics"", ""Outdoor furniture"", ""Patio or balcony"", ""Bathtub"", ""First aid kit"", ""Smoke alarm"", ""Refrigerator"", ""Bed linens"", ""High chair"", ""Hangers"", ""Clothing storage"", ""Microwave"", ""Backyard"", ""Hot water kettle"", ""Drying rack for clothing"", ""Essentials"", ""Stove"", ""Coffee"", ""Extra pillows and blankets"", ""Hair dryer"", ""Dishwasher"", ""Heating"", ""Coffee maker"", ""BBQ grill"", ""Dining table"", ""Room-darkening shades"", ""Changing table"", ""Dedicated workspace"", ""Blender"", ""Kitchen"", ""Wine glasses""]",$92.00,2,361,2.0,361.0,8,19,38,125,26,255,23460.0,4.92,4.85,4.88,4.73,2.62
12400,1252709693126426493,https://www.airbnb.com/rooms/1252709693126426493,2025-06-21,previous scrape,BeatifulSPACIOUSprenlauer berg,4942666,https://www.airbnb.com/users/show/4942666,Verda,2013-02-02,"Berlin, Germany",within an hour,100%,100%,t,Prenzlauer Berg,2.0,7.0,"['email', 'phone']",t,t,,Brunnenstr. Süd,Mitte,52.535640944219296,13.406510876953844,Entire rental unit,Entire home/apt,3,,1.5 baths,1.0,,"[""Iron"", ""Pets allowed"", ""Extra pillows and blankets"", ""Hangers"", ""Drying rack for clothing"", ""Wifi"", ""Paid parking on premises"", ""Free dryer \u2013 In unit"", ""Washer"", ""Indoor fireplace"", ""Clothing storage: wardrobe and dresser"", ""Bed linens"", ""Room-darkening shades"", ""Dedicated workspace"", ""Essentials"", ""Kitchen""]",,3,365,3.0,365.0,0,0,0,0,2,25,,5.0,5.0,4.5,5.0,0.26
12600,1279516915022738998,https://www.airbnb.com/rooms/1279516915022738998,2025-06-21,previous scrape,Cosy loft style Apartment in Berlin Wilmersdorf,533839248,https://www.airbnb.com/users/show/533839248,Lukas,2023-08-25,,,,98%,f,,1.0,2.0,['phone'],t,t,"Berlin, Germany",Volkspark Wilmersdorf,Charlottenburg-Wilm.,52.490573536641094,13.332789339286824,Entire rental unit,Entire home/apt,2,,1 bath,1.0,,"[""Noise decibel monitors on property"", ""Wifi"", ""Hot water"", ""TV"", ""Dedicated workspace"", ""Cooking basics"", ""First aid kit"", ""Smoke alarm"", ""Refrigerator"", ""Bed linens"", ""Shampoo"", ""Long term stays allowed"", ""Fire extinguisher"", ""Microwave"", ""Hot water kettle"", ""Private entrance"", ""Stove"", ""Extra pillows and blankets"", ""Hair dryer"", ""Coffee maker"", ""Heating"", ""Toaster"", ""Dishwasher"", ""Kitchen"", ""Dishes and silverware""]",,1,45,2.8,45.0,0,0,0,0,21,255,,4.38,3.9,4.86,4.57,2.75
12800,1302312856030118163,https://www.airbnb.com/rooms/1302312856030118163,2025-06-21,city scrape,New & cozy in Bergmannkiez for 4,3789531,https://www.airbnb.com/users/show/3789531,Fulvia,2012-10-07,"Berlin, Germany",within an hour,96%,100%,f,Kreuzberg,3.0,6.0,"['email', 'phone', 'work_email']",t,t,,Tempelhofer Vorstadt,Friedrichshain-Kreuzberg,52.49076128911122,13.37862136918935,Entire rental unit,Entire home/apt,4,1.0,1 bath,1.0,2.0,"[""Pets allowed"", ""Wifi"", ""Self check-in"", ""Fire extinguisher"", ""TV"", ""Washer"", ""Kitchen"", ""Lockbox""]",$110.00,1,365,1.0,1125.0,11,25,45,113,17,214,23540.0,4.65,4.76,4.82,4.65,2.7
13000,1327490766037916517,https://www.airbnb.com/rooms/1327490766037916517,2025-06-20,city scrape,Flat in Berlin,664841523,https://www.airbnb.com/users/show/664841523,Sviatlana,2024-12-01,,within an hour,100%,99%,f,,5.0,5.0,['phone'],t,t,,Buchholz,Pankow,52.60649,13.43408,Entire rental unit,Entire home/apt,2,1.0,1 bath,1.0,2.0,"[""Iron"", ""Wifi"", ""Free street parking"", ""Washer"", ""Hot water"", ""TV"", ""Freezer"", ""Cooking basics"", ""Lockbox"", ""Free parking on premises"", ""Self check-in"", ""Smoke alarm"", ""Refrigerator"", ""Bed linens"", ""Body soap"", ""Hangers"", ""Clothing storage"", ""Microwave"", ""Hot water kettle"", ""Stove"", ""Hair dryer"", ""Coffee maker"", ""Dining table"", ""Kitchen"", ""Wine glasses"", ""Dishes and silverware""]",$65.00,1,365,1.0,365.0,24,54,84,359,2,25,1625.0,3.5,3.5,4.5,3.0,0.48
13200,1349915664056933212,https://www.airbnb.com/rooms/1349915664056933212,2025-06-20,city scrape,"Rockchair | HJ 18 Super Flat, 2 BR, 2 Bath,Balcony",155105708,https://www.airbnb.com/users/show/155105708,Sören,2017-10-18,,within an hour,100%,99%,,Charlottenburg,52.0,56.0,"['email', 'phone']",t,t,,Schmargendorf,Charlottenburg-Wilm.,52.479199435452266,13.299596724060503,Entire rental unit,Entire home/apt,4,1.5,1.5 baths,2.0,2.0,"[""Wifi"", ""TV"", ""Smoke alarm"", ""Washer"", ""Dedicated workspace"", ""Outdoor dining area"", ""Kitchen""]",$158.00,1,365,60.0,365.0,0,0,0,140,1,13,2054.0,5.0,5.0,5.0,5.0,0.29
13400,1370852610800458582,https://www.airbnb.com/rooms/1370852610800458582,2025-06-21,city scrape,Apartment in Friedrichshain,6296557,https://www.airbnb.com/users/show/6296557,Cesar,2013-05-08,"Berlin, Germany",within an hour,100%,100%,f,,1.0,1.0,"['email', 'phone']",t,t,,Frankfurter Allee Süd FK,Friedrichshain-Kreuzberg,52.50602,13.46342,Entire rental unit,Entire home/apt,2,1.0,1 bath,1.0,1.0,"[""Wifi"", ""BBQ grill"", ""Washer"", ""Dedicated workspace"", ""Kitchen""]",$124.00,2,90,2.0,90.0,0,1,1,8,2,25,3100.0,5.0,3.5,5.0,5.0,1.09
13600,1389207832720489328,https://www.airbnb.com/rooms/1389207832720489328,2025-06-20,city scrape,Apartmentzimmer in Berlin-Pankow,687341095,https://www.airbnb.com/users/show/687341095,Frank,2025-03-31,,,,,f,,2.0,5.0,"['email', 'phone']",f,t,,Buchholz,Pankow,52.6003701817618,13.434652419306802,Room in hotel,Private room,2,1.5,1.5 baths,1.0,1.0,"[""Wifi"", ""Oven"", ""Washer"", ""Hot water"", ""TV"", ""Freezer"", ""Dedicated workspace"", ""Cooking basics"", ""Baking sheet"", ""First aid kit"", ""Smoke alarm"", ""Refrigerator"", ""Bed linens"", ""Single level home"", ""Body soap"", ""Long term stays allowed"", ""Fire extinguisher"", ""Clothing storage"", ""Backyard"", ""Stove"", ""Extra pillows and blankets"", ""Luggage dropoff allowed"", ""Heating"", ""Dining table"", ""Dishwasher"", ""Kitchen"", ""Wine glasses"", ""Dishes and silverware""]",$60.00,92,365,92.0,365.0,30,60,90,365,0,0,0.0,,,,,
13800,1408890226889277134,https://www.airbnb.com/rooms/1408890226889277134,2025-06-20,city scrape,Central Home with Fireplace near Underground,261154935,https://www.airbnb.com/users/show/261154935,Sophie,2019-05-11,Germany,within an hour,100%,99%,f,,7.0,9.0,['phone'],t,t,"Berlin, Germany",Brunnenstr. Nord,Mitte,52.54258347081131,13.373016190881556,Entire rental unit,Entire home/apt,5,1.0,1 bath,3.0,3.0,"[""Cleaning products"", ""Wifi"", ""Free street parking"", ""Keypad"", ""Oven"", ""Laundromat nearby"", ""Children\u2019s books and toys"", ""Washer"", ""Hot water"", ""Dryer"", ""TV"", ""Freezer"", ""Cooking basics"", ""Sound system"", ""Baking sheet"", ""Self check-in"", ""Carbon monoxide alarm"", ""First aid kit"", ""Smoke alarm"", ""Refrigerator"", ""Bed linens"", ""Hangers"", ""Fire extinguisher"", ""Clothing storage"", ""Hot water kettle"", ""Drying rack for clothing"", ""Essentials"", ""Private entrance"", ""Stove"", ""Board games"", ""Coffee"", ""Extra pillows and blankets"", ""Hair dryer"", ""Dishwasher"", ""Heating"", ""Coffee maker"", ""Dining table"", ""Exercise equipment"", ""Indoor fireplace"", ""Room-darkening shades"", ""Toaster"", ""Paid parking off premises"", ""Dedicated workspace"", ""Kitchen"", ""Wine glasses"", ""Dishes and silverware""]",$257.00,2,1125,1.3,1125.0,26,56,86,177,1,13,3341.0,5.0,5.0,5.0,5.0,1.0
14000,1426750411027163288,https://www.airbnb.com/rooms/1426750411027163288,2025-06-21,city scrape,MLM 15: modern loft 12 mins Hauptbahnhof,342965,https://www.airbnb.com/users/show/342965,Matthew,2011-01-11,"Berlin, Germany",within a day,98%,97%,t,Mitte,27.0,27.0,"['email', 'phone']",t,t,,Alexanderplatz,Mitte,52.53021,13.38053,Entire serviced apartment,Entire home/apt,3,1.0,1 bath,0.0,2.0,"[""Iron"", ""Wifi"", ""Washer"", ""Hot water"", ""Dryer"", ""TV"", ""Freezer"", ""Children\u2019s dinnerware"", ""Cooking basics"", ""Lockbox"", ""Elevator"", ""Self check-in"", ""Bathtub"", ""Pack \u2019n play/Travel crib"", ""Smoke alarm"", ""Refrigerator"", ""Bed linens"", ""High chair"", ""Crib"", ""Shampoo"", ""Long term stays allowed"", ""Hangers"", ""Paid parking on premises"", ""Fire extinguisher"", ""Clothing storage"", ""Microwave"", ""Portable fans"", ""Hot water kettle"", ""Drying rack for clothing"", ""Essentials"", ""Private entrance"", ""Stove"", ""Pets allowed"", ""Coffee"", ""Baby bath"", ""Extra pillows and blankets"", ""Luggage dropoff allowed"", ""Hair dryer"", ""Heating"", ""Mini fridge"", ""Dining table"", ""Room-darkening shades"", ""Toaster"", ""Paid parking off premises"", ""Kitchen"", ""Wine glasses"", ""Dishes and silverware""]",$155.00,2,365,2.0,365.0,14,44,73,339,1,13,2015.0,5.0,5.0,5.0,4.0,1.0
